{
    "metrics": {
        "iteration_duration": {
            "max": 4349.170063,
            "p(90)": 11.7126636,
            "p(95)": 12.233076899999999,
            "avg": 17.78370473806664,
            "min": 10.61012,
            "med": 11.2913815
        },
        "http_req_duration{expected_response:true}": {
            "avg": 12.371480814133358,
            "min": 10.42709,
            "med": 11.0802045,
            "max": 1352.153055,
            "p(90)": 11.4461863,
            "p(95)": 11.765338499999997
        },
        "http_req_failed": {
            "passes": 0,
            "fails": 15000,
            "value": 0
        },
        "data_sent": {
            "count": 16350600,
            "rate": 544836.7188891779
        },
        "vus": {
            "value": 6,
            "min": 5,
            "max": 49
        },
        "data_received": {
            "count": 2231136,
            "rate": 74346.19020925989
        },
        "http_req_sending": {
            "avg": 0.09707616140000021,
            "min": 0.039491,
            "med": 0.089394,
            "max": 3.647198,
            "p(90)": 0.1141781,
            "p(95)": 0.13426519999999997
        },
        "http_req_connecting": {
            "avg": 3.3073946720666663,
            "min": 0,
            "med": 0,
            "max": 3135.459997,
            "p(90)": 0,
            "p(95)": 0
        },
        "http_req_waiting": {
            "med": 10.923328,
            "max": 1352.012826,
            "p(90)": 11.248709600000002,
            "p(95)": 11.522902899999998,
            "avg": 12.203524395933329,
            "min": 9.40641
        },
        "vus_max": {
            "max": 200,
            "value": 200,
            "min": 200
        },
        "http_req_receiving": {
            "med": 0.051188,
            "max": 7.966298,
            "p(90)": 0.1017805,
            "p(95)": 0.13367364999999998,
            "avg": 0.07088025679999961,
            "min": 0.01692
        },
        "iterations": {
            "count": 15000,
            "rate": 499.83185836224163
        },
        "http_req_tls_handshaking": {
            "avg": 1.877646796533333,
            "min": 0,
            "med": 0,
            "max": 2330.568603,
            "p(90)": 0,
            "p(95)": 0
        },
        "checks": {
            "passes": 15000,
            "fails": 0,
            "value": 1
        },
        "http_reqs": {
            "count": 15000,
            "rate": 499.83185836224163
        },
        "http_req_duration": {
            "avg": 12.371480814133358,
            "min": 10.42709,
            "med": 11.0802045,
            "max": 1352.153055,
            "p(90)": 11.4461863,
            "p(95)": 11.765338499999997
        },
        "http_req_blocked": {
            "min": 0.00023,
            "med": 0.000444,
            "max": 4337.290421,
            "p(90)": 0.000637,
            "p(95)": 0.0007400499999999993,
            "avg": 5.190563908000055
        }
    },
    "root_group": {
        "name": "",
        "path": "",
        "id": "d41d8cd98f00b204e9800998ecf8427e",
        "groups": {},
        "checks": {
                "llm 200": {
                    "passes": 15000,
                    "fails": 0,
                    "name": "llm 200",
                    "path": "::llm 200",
                    "id": "b4c64e98ef80c664bb4a20ea1a8da5c3"
                }
            }
    }
}