{
    "metrics": {
        "vus_max": {
            "value": 200,
            "min": 200,
            "max": 200
        },
        "http_req_duration{expected_response:true}": {
            "avg": 984.2142417419354,
            "min": 11.306531,
            "med": 12.080601,
            "max": 7266.183287,
            "p(90)": 4278.704214,
            "p(95)": 5779.4677475
        },
        "iteration_duration": {
            "avg": 1012.0768228387097,
            "min": 36.432057,
            "med": 41.339962,
            "max": 7305.142466,
            "p(90)": 4305.127662,
            "p(95)": 5806.261700499999
        },
        "http_req_failed": {
            "passes": 0,
            "fails": 31,
            "value": 0
        },
        "vus": {
            "value": 0,
            "min": 0,
            "max": 7
        },
        "http_req_receiving": {
            "p(90)": 0.098943,
            "p(95)": 0.10995250000000001,
            "avg": 0.07320183870967742,
            "min": 0.03098,
            "med": 0.072051,
            "max": 0.11729
        },
        "http_req_sending": {
            "min": 0.135402,
            "med": 0.194727,
            "max": 1.450701,
            "p(90)": 0.230123,
            "p(95)": 0.2786125,
            "avg": 0.23854219354838707
        },
        "data_sent": {
            "count": 52142,
            "rate": 1735.8714409400163
        },
        "http_req_connecting": {
            "avg": 12.74629570967742,
            "min": 10.442086,
            "med": 11.056116,
            "max": 26.702125,
            "p(90)": 19.157449,
            "p(95)": 21.107371
        },
        "http_req_waiting": {
            "max": 7265.834842,
            "p(90)": 4278.466437,
            "p(95)": 5779.213292,
            "avg": 983.9024977096776,
            "min": 11.026925,
            "med": 11.650319
        },
        "checks": {
            "passes": 31,
            "fails": 0,
            "value": 1
        },
        "data_received": {
            "count": 171306,
            "rate": 5702.987861257153
        },
        "http_req_duration": {
            "p(90)": 4278.704214,
            "p(95)": 5779.4677475,
            "avg": 984.2142417419354,
            "min": 11.306531,
            "med": 12.080601,
            "max": 7266.183287
        },
        "http_req_blocked": {
            "avg": 27.527368032258067,
            "min": 24.241092,
            "med": 25.330562,
            "max": 41.657005,
            "p(90)": 35.167889,
            "p(95)": 37.226332
        },
        "http_req_tls_handshaking": {
            "p(95)": 15.9760335,
            "avg": 14.1756435483871,
            "min": 13.341938,
            "med": 13.615628,
            "max": 17.198653,
            "p(90)": 15.190656
        },
        "iterations": {
            "count": 31,
            "rate": 1.0320282050772986
        },
        "http_reqs": {
            "count": 31,
            "rate": 1.0320282050772986
        }
    },
    "root_group": {
        "name": "",
        "path": "",
        "id": "d41d8cd98f00b204e9800998ecf8427e",
        "groups": {},
        "checks": {
                "llm 200": {
                    "name": "llm 200",
                    "path": "::llm 200",
                    "id": "b4c64e98ef80c664bb4a20ea1a8da5c3",
                    "passes": 31,
                    "fails": 0
                }
            }
    }
}