{
    "root_group": {
        "checks": {
            "llm 200": {
                "path": "::llm 200",
                "id": "b4c64e98ef80c664bb4a20ea1a8da5c3",
                "passes": 12001,
                "fails": 0,
                "name": "llm 200"
            }
        },
        "name": "",
        "path": "",
        "id": "d41d8cd98f00b204e9800998ecf8427e",
        "groups": {}
    },
    "metrics": {
        "iteration_duration": {
            "max": 2092.67035,
            "p(90)": 11.776218,
            "p(95)": 12.306933,
            "avg": 16.260513716690298,
            "min": 10.739677,
            "med": 11.348798
        },
        "http_req_failed": {
            "passes": 0,
            "fails": 12001,
            "value": 0
        },
        "checks": {
            "fails": 0,
            "passes": 12001,
            "value": 1
        },
        "http_req_duration{expected_response:true}": {
            "avg": 12.039886851679055,
            "min": 10.56746,
            "med": 11.12841,
            "max": 515.762797,
            "p(90)": 11.497934,
            "p(95)": 11.80417
        },
        "http_req_duration": {
            "p(95)": 11.80417,
            "avg": 12.039886851679055,
            "min": 10.56746,
            "med": 11.12841,
            "max": 515.762797,
            "p(90)": 11.497934
        },
        "http_req_tls_handshaking": {
            "p(90)": 0,
            "p(95)": 0,
            "avg": 1.0533518188484294,
            "min": 0,
            "med": 0,
            "max": 718.69105
        },
        "iterations": {
            "count": 12001,
            "rate": 399.8725652882298
        },
        "vus_max": {
            "value": 200,
            "min": 200,
            "max": 200
        },
        "data_sent": {
            "rate": 436680.5000576434,
            "count": 13105682
        },
        "http_req_connecting": {
            "min": 0,
            "med": 0,
            "max": 2064.924625,
            "p(90)": 0,
            "p(95)": 0,
            "avg": 2.929977963503041
        },
        "http_req_sending": {
            "avg": 0.10532879118406815,
            "min": 0.036849,
            "med": 0.095683,
            "max": 6.135396,
            "p(90)": 0.121488,
            "p(95)": 0.144559
        },
        "http_reqs": {
            "count": 12001,
            "rate": 399.8725652882298
        },
        "http_req_receiving": {
            "avg": 0.12672596291975669,
            "min": 0.021044,
            "med": 0.051066,
            "max": 234.267731,
            "p(90)": 0.082266,
            "p(95)": 0.116773
        },
        "http_req_blocked": {
            "p(90)": 0.000652,
            "p(95)": 0.000769,
            "avg": 3.989803968086037,
            "min": 0.000246,
            "med": 0.00042,
            "max": 2080.988953
        },
        "http_req_waiting": {
            "avg": 11.807832097575188,
            "min": 8.265838,
            "med": 10.968128,
            "max": 515.550856,
            "p(90)": 11.304944,
            "p(95)": 11.548408
        },
        "data_received": {
            "count": 2034355,
            "rate": 67784.58066468933
        },
        "vus": {
            "value": 5,
            "min": 4,
            "max": 36
        }
    }
}