{
    "metrics": {
        "http_reqs": {
            "count": 1501,
            "rate": 50.01163800636805
        },
        "vus": {
            "min": 0,
            "max": 3,
            "value": 0
        },
        "http_req_connecting": {
            "avg": 2.2330310846102606,
            "min": 0,
            "med": 0,
            "max": 1024.203879,
            "p(90)": 10.584427,
            "p(95)": 10.909451
        },
        "data_sent": {
            "count": 1743600,
            "rate": 58094.798153166776
        },
        "http_req_receiving": {
            "max": 3.336956,
            "p(90)": 0.095111,
            "p(95)": 0.106474,
            "avg": 0.07920325716189207,
            "min": 0,
            "med": 0.072411
        },
        "vus_max": {
            "value": 200,
            "min": 200,
            "max": 200
        },
        "http_req_blocked": {
            "avg": 4.312533464357091,
            "min": 0,
            "med": 0.000451,
            "max": 1038.869889,
            "p(90)": 24.357826,
            "p(95)": 25.553698
        },
        "http_req_sending": {
            "p(95)": 0.212493,
            "avg": 0.15627682944703525,
            "min": 0,
            "med": 0.149366,
            "max": 1.616246,
            "p(90)": 0.192756
        },
        "checks": {
            "passes": 1500,
            "fails": 1,
            "value": 0.9993337774816788
        },
        "data_received": {
            "count": 1221208,
            "rate": 40689.282096256306
        },
        "iteration_duration": {
            "max": 1050.530611,
            "p(90)": 36.062518,
            "p(95)": 37.363628,
            "avg": 16.211719423717533,
            "min": 11.130408,
            "med": 11.838431
        },
        "http_req_duration": {
            "p(90)": 11.824932,
            "p(95)": 12.094261,
            "avg": 11.555291606928714,
            "min": 0,
            "med": 11.456356,
            "max": 25.981907
        },
        "http_req_tls_handshaking": {
            "avg": 2.045345856762158,
            "min": 0,
            "med": 0,
            "max": 265.877389,
            "p(90)": 13.339299,
            "p(95)": 14.239886
        },
        "http_req_duration{expected_response:true}": {
            "avg": 11.562995134666666,
            "min": 10.763933,
            "med": 11.456366,
            "max": 25.981907,
            "p(90)": 11.825130900000001,
            "p(95)": 12.0949955
        },
        "iterations": {
            "count": 1501,
            "rate": 50.01163800636805
        },
        "http_req_waiting": {
            "p(95)": 11.854514,
            "avg": 11.319811520319798,
            "min": 0,
            "med": 11.225605,
            "max": 25.781909,
            "p(90)": 11.589546
        },
        "http_req_failed": {
            "passes": 1,
            "fails": 1500,
            "value": 0.0006662225183211193
        }
    },
    "root_group": {
        "name": "",
        "path": "",
        "id": "d41d8cd98f00b204e9800998ecf8427e",
        "groups": {},
        "checks": {
                "llm 200": {
                    "name": "llm 200",
                    "path": "::llm 200",
                    "id": "b4c64e98ef80c664bb4a20ea1a8da5c3",
                    "passes": 1500,
                    "fails": 1
                }
            }
    }
}