{
    "root_group": {
        "name": "",
        "path": "",
        "id": "d41d8cd98f00b204e9800998ecf8427e",
        "groups": {},
        "checks": {
                "llm 200": {
                    "passes": 27000,
                    "fails": 1,
                    "name": "llm 200",
                    "path": "::llm 200",
                    "id": "b4c64e98ef80c664bb4a20ea1a8da5c3"
                }
            }
    },
    "metrics": {
        "http_reqs": {
            "count": 27001,
            "rate": 896.1977302749445
        },
        "http_req_duration": {
            "p(95)": 12.461464,
            "avg": 13.761061818673326,
            "min": 0,
            "med": 11.057736,
            "max": 1641.587482,
            "p(90)": 11.515751
        },
        "vus_max": {
            "value": 200,
            "min": 200,
            "max": 200
        },
        "http_req_receiving": {
            "min": 0,
            "med": 0.050569,
            "max": 279.569509,
            "p(90)": 0.105169,
            "p(95)": 0.159784,
            "avg": 0.2270502403244322
        },
        "checks": {
            "fails": 1,
            "passes": 27000,
            "value": 0.9999629643346543
        },
        "iteration_duration": {
            "avg": 18.351577878152643,
            "min": 5.77904,
            "med": 11.250919,
            "max": 3394.874417,
            "p(90)": 11.759647,
            "p(95)": 12.867253
        },
        "http_req_duration{expected_response:true}": {
            "max": 1641.587482,
            "p(90)": 11.515792200000002,
            "p(95)": 12.46148455,
            "avg": 13.761571487629572,
            "min": 10.464853,
            "med": 11.057739
        },
        "iterations": {
            "rate": 896.1977302749445,
            "count": 27001
        },
        "data_received": {
            "count": 3047124,
            "rate": 101137.94350825192
        },
        "http_req_connecting": {
            "p(95)": 0,
            "avg": 2.8992317536017187,
            "min": 0,
            "med": 0,
            "max": 3095.110709,
            "p(90)": 0
        },
        "http_req_waiting": {
            "avg": 13.444871282508034,
            "min": 0,
            "med": 10.903339,
            "max": 1641.369405,
            "p(90)": 11.327659,
            "p(95)": 12.165348
        },
        "http_req_sending": {
            "p(95)": 0.129061,
            "avg": 0.08914029584089508,
            "min": 0,
            "med": 0.079491,
            "max": 4.989955,
            "p(90)": 0.10718
        },
        "http_req_blocked": {
            "min": 0,
            "med": 0.000464,
            "max": 3373.19034,
            "p(90)": 0.000565,
            "p(95)": 0.000611,
            "avg": 4.38976249098179
        },
        "vus": {
            "value": 12,
            "min": 9,
            "max": 71
        },
        "http_req_tls_handshaking": {
            "avg": 1.487428803636902,
            "min": 0,
            "med": 0,
            "max": 2326.632148,
            "p(90)": 0,
            "p(95)": 0
        },
        "data_sent": {
            "count": 29334600,
            "rate": 973652.8994675525
        },
        "http_req_failed": {
            "passes": 1,
            "fails": 27000,
            "value": 0.000037035665345727935
        }
    }
}