{
    "root_group": {
        "name": "",
        "path": "",
        "id": "d41d8cd98f00b204e9800998ecf8427e",
        "groups": {},
        "checks": {
                "llm 200": {
                    "name": "llm 200",
                    "path": "::llm 200",
                    "id": "b4c64e98ef80c664bb4a20ea1a8da5c3",
                    "passes": 24001,
                    "fails": 0
                }
            }
    },
    "metrics": {
        "http_req_receiving": {
            "avg": 0.19847191992000382,
            "min": 0.015927,
            "med": 0.052115,
            "max": 262.150487,
            "p(90)": 0.106108,
            "p(95)": 0.156318
        },
        "http_req_failed": {
            "passes": 0,
            "fails": 24001,
            "value": 0
        },
        "vus_max": {
            "max": 200,
            "value": 200,
            "min": 200
        },
        "data_received": {
            "count": 2840336,
            "rate": 94640.25524433017
        },
        "http_req_sending": {
            "p(90)": 0.106374,
            "p(95)": 0.124579,
            "avg": 0.08989206303903989,
            "min": 0.037853,
            "med": 0.080677,
            "max": 7.532792
        },
        "iterations": {
            "count": 24001,
            "rate": 799.7155146852937
        },
        "http_req_waiting": {
            "min": 9.677485,
            "med": 10.915569,
            "max": 4137.656742,
            "p(90)": 11.325104,
            "p(95)": 11.802467,
            "avg": 13.059604847964719
        },
        "checks": {
            "passes": 24001,
            "fails": 0,
            "value": 1
        },
        "http_req_connecting": {
            "avg": 3.936708850256239,
            "min": 0,
            "med": 0,
            "max": 4099.699649,
            "p(90)": 0,
            "p(95)": 0
        },
        "http_req_duration": {
            "avg": 13.347968830923651,
            "min": 10.381009,
            "med": 11.069461,
            "max": 4137.786042,
            "p(90)": 11.511721,
            "p(95)": 12.076256
        },
        "http_req_duration{expected_response:true}": {
            "avg": 13.347968830923651,
            "min": 10.381009,
            "med": 11.069461,
            "max": 4137.786042,
            "p(90)": 11.511721,
            "p(95)": 12.076256
        },
        "http_reqs": {
            "count": 24001,
            "rate": 799.7155146852937
        },
        "http_req_tls_handshaking": {
            "max": 2673.834835,
            "p(90)": 0,
            "p(95)": 0,
            "avg": 1.9248170904128998,
            "min": 0,
            "med": 0
        },
        "data_sent": {
            "count": 26089682,
            "rate": 869310.5899173219
        },
        "vus": {
            "max": 86,
            "value": 10,
            "min": 8
        },
        "http_req_blocked": {
            "p(90)": 0.000577,
            "p(95)": 0.000636,
            "avg": 5.866843498520947,
            "min": 0.000234,
            "med": 0.000461,
            "max": 4359.833519
        },
        "iteration_duration": {
            "avg": 19.417236636056828,
            "min": 10.567109,
            "med": 11.267188,
            "max": 4371.43141,
            "p(90)": 11.758048,
            "p(95)": 12.468095
        }
    }
}