{
    "root_group": {
        "name": "",
        "path": "",
        "id": "d41d8cd98f00b204e9800998ecf8427e",
        "groups": {},
        "checks": {
                "llm 200": {
                    "name": "llm 200",
                    "path": "::llm 200",
                    "id": "b4c64e98ef80c664bb4a20ea1a8da5c3",
                    "passes": 18000,
                    "fails": 0
                }
            }
    },
    "metrics": {
        "http_req_waiting": {
            "max": 4442.234814,
            "p(90)": 11.247295500000002,
            "p(95)": 11.51707975,
            "avg": 12.587332104611123,
            "min": 8.817458,
            "med": 10.901400500000001
        },
        "http_reqs": {
            "count": 18000,
            "rate": 599.7954372269998
        },
        "http_req_duration": {
            "p(90)": 11.4200936,
            "p(95)": 11.757670249999999,
            "avg": 12.796065010722216,
            "min": 10.43268,
            "med": 11.047073000000001,
            "max": 4442.415445
        },
        "vus": {
            "max": 62,
            "value": 7,
            "min": 6
        },
        "http_req_blocked": {
            "avg": 4.262766985666601,
            "min": 0.000247,
            "med": 0.000463,
            "max": 3293.044917,
            "p(90)": 0.000567,
            "p(95)": 0.000619
        },
        "http_req_failed": {
            "passes": 0,
            "fails": 18000,
            "value": 0
        },
        "vus_max": {
            "value": 200,
            "min": 200,
            "max": 200
        },
        "http_req_receiving": {
            "med": 0.0480115,
            "max": 308.099745,
            "p(90)": 0.0956519,
            "p(95)": 0.12738765,
            "avg": 0.12168157283333216,
            "min": 0.017662
        },
        "iteration_duration": {
            "med": 11.238528500000001,
            "max": 5496.555647,
            "p(90)": 11.656438600000001,
            "p(95)": 12.109777349999998,
            "avg": 17.257978340666636,
            "min": 10.579892
        },
        "iterations": {
            "count": 18000,
            "rate": 599.7954372269998
        },
        "http_req_duration{expected_response:true}": {
            "med": 11.047073000000001,
            "max": 4442.415445,
            "p(90)": 11.4200936,
            "p(95)": 11.757670249999999,
            "avg": 12.796065010722216,
            "min": 10.43268
        },
        "checks": {
            "passes": 18000,
            "fails": 0,
            "value": 1
        },
        "data_sent": {
            "count": 19596600,
            "rate": 652997.2925090346
        },
        "http_req_tls_handshaking": {
            "p(90)": 0,
            "p(95)": 0,
            "avg": 1.7244380464999993,
            "min": 0,
            "med": 0,
            "max": 2274.07955
        },
        "data_received": {
            "count": 2429301,
            "rate": 80949.09196949932
        },
        "http_req_connecting": {
            "avg": 2.530761749999999,
            "min": 0,
            "med": 0,
            "max": 2090.846543,
            "p(90)": 0,
            "p(95)": 0
        },
        "http_req_sending": {
            "p(90)": 0.103348,
            "p(95)": 0.12018904999999999,
            "avg": 0.08705133327777832,
            "min": 0.040573,
            "med": 0.08026,
            "max": 3.89811
        }
    }
}