{
    "root_group": {
        "name": "",
        "path": "",
        "id": "d41d8cd98f00b204e9800998ecf8427e",
        "groups": {},
        "checks": {
                "llm 200": {
                    "passes": 9001,
                    "fails": 0,
                    "name": "llm 200",
                    "path": "::llm 200",
                    "id": "b4c64e98ef80c664bb4a20ea1a8da5c3"
                }
            }
    },
    "metrics": {
        "checks": {
            "passes": 9001,
            "fails": 0,
            "value": 1
        },
        "data_sent": {
            "count": 9859682,
            "rate": 328524.6899169395
        },
        "http_req_waiting": {
            "med": 11.008076,
            "max": 692.305858,
            "p(90)": 11.344215,
            "p(95)": 11.557032,
            "avg": 11.917438999777826,
            "min": 9.549723
        },
        "iteration_duration": {
            "p(90)": 11.816206,
            "p(95)": 12.317732,
            "avg": 15.797545793689611,
            "min": 10.756816,
            "med": 11.411891,
            "max": 1368.855602
        },
        "http_req_duration": {
            "avg": 12.146246840795454,
            "min": 10.571633,
            "med": 11.173898,
            "max": 692.567527,
            "p(90)": 11.526719,
            "p(95)": 11.774406
        },
        "http_req_tls_handshaking": {
            "min": 0,
            "med": 0,
            "max": 884.62264,
            "p(90)": 0,
            "p(95)": 0,
            "avg": 1.530302923897344
        },
        "http_reqs": {
            "count": 9001,
            "rate": 299.9133982153149
        },
        "http_req_connecting": {
            "avg": 1.8638485750472171,
            "min": 0,
            "med": 0,
            "max": 1059.755477,
            "p(90)": 0,
            "p(95)": 0
        },
        "data_received": {
            "rate": 60758.136205296614,
            "count": 1823473
        },
        "iterations": {
            "count": 9001,
            "rate": 299.9133982153149
        },
        "vus_max": {
            "min": 200,
            "max": 200,
            "value": 200
        },
        "http_req_sending": {
            "avg": 0.11002863804021794,
            "min": 0.049352,
            "med": 0.102268,
            "max": 4.033081,
            "p(90)": 0.130024,
            "p(95)": 0.151334
        },
        "vus": {
            "min": 3,
            "max": 23,
            "value": 4
        },
        "http_req_receiving": {
            "p(90)": 0.076054,
            "p(95)": 0.098981,
            "avg": 0.11877920297744714,
            "min": 0.022474,
            "med": 0.053304,
            "max": 231.617228
        },
        "http_req_duration{expected_response:true}": {
            "max": 692.567527,
            "p(90)": 11.526719,
            "p(95)": 11.774406,
            "avg": 12.146246840795454,
            "min": 10.571633,
            "med": 11.173898
        },
        "http_req_failed": {
            "passes": 0,
            "fails": 9001,
            "value": 0
        },
        "http_req_blocked": {
            "min": 0.00026,
            "med": 0.000412,
            "max": 1354.100036,
            "p(90)": 0.000683,
            "p(95)": 0.000829,
            "avg": 3.406590364515039
        }
    }
}