{
    "root_group": {
        "groups": {},
        "checks": {
                "llm 200": {
                    "id": "b4c64e98ef80c664bb4a20ea1a8da5c3",
                    "passes": 3001,
                    "fails": 0,
                    "name": "llm 200",
                    "path": "::llm 200"
                }
            },
        "name": "",
        "path": "",
        "id": "d41d8cd98f00b204e9800998ecf8427e"
    },
    "metrics": {
        "vus": {
            "min": 1,
            "max": 6,
            "value": 1
        },
        "http_req_tls_handshaking": {
            "min": 0,
            "med": 0,
            "max": 72.228529,
            "p(90)": 0,
            "p(95)": 13.267398,
            "avg": 0.985452317227591
        },
        "checks": {
            "passes": 3001,
            "fails": 0,
            "value": 1
        },
        "http_req_blocked": {
            "max": 1050.779427,
            "p(90)": 0.000948,
            "p(95)": 24.088268,
            "avg": 2.1135707640786396,
            "min": 0.000294,
            "med": 0.000455
        },
        "iteration_duration": {
            "med": 11.660805,
            "max": 1063.197191,
            "p(90)": 12.829218,
            "p(95)": 35.833469,
            "avg": 14.23007691602798,
            "min": 10.866085
        },
        "vus_max": {
            "value": 200,
            "min": 200,
            "max": 200
        },
        "http_req_sending": {
            "avg": 0.13538512829056953,
            "min": 0.074971,
            "med": 0.126034,
            "max": 2.333155,
            "p(90)": 0.169067,
            "p(95)": 0.193333
        },
        "http_req_receiving": {
            "med": 0.059987,
            "max": 1.99338,
            "p(90)": 0.086081,
            "p(95)": 0.106363,
            "avg": 0.07038729790069957,
            "min": 0.038134
        },
        "iterations": {
            "count": 3001,
            "rate": 99.9914787035277
        },
        "http_req_duration": {
            "avg": 11.822619415528136,
            "min": 10.597167,
            "med": 11.347892,
            "max": 288.851022,
            "p(90)": 11.8217,
            "p(95)": 12.265002
        },
        "http_req_waiting": {
            "avg": 11.616846989336887,
            "min": 10.086113,
            "med": 11.15003,
            "max": 288.631478,
            "p(90)": 11.605942,
            "p(95)": 12.006957
        },
        "data_sent": {
            "count": 3367682,
            "rate": 112209.09796176394
        },
        "data_received": {
            "count": 1359021,
            "rate": 45281.74587775639
        },
        "http_req_failed": {
            "passes": 0,
            "fails": 3001,
            "value": 0
        },
        "http_reqs": {
            "count": 3001,
            "rate": 99.9914787035277
        },
        "http_req_duration{expected_response:true}": {
            "max": 288.851022,
            "p(90)": 11.8217,
            "p(95)": 12.265002,
            "avg": 11.822619415528136,
            "min": 10.597167,
            "med": 11.347892
        },
        "http_req_connecting": {
            "max": 1036.937361,
            "p(90)": 0,
            "p(95)": 10.447808,
            "avg": 1.1085965214928355,
            "min": 0,
            "med": 0
        }
    }
}