{
    "root_group": {
        "groups": {},
        "checks": {
                "llm 200": {
                    "id": "b4c64e98ef80c664bb4a20ea1a8da5c3",
                    "passes": 30001,
                    "fails": 0,
                    "name": "llm 200",
                    "path": "::llm 200"
                }
            },
        "name": "",
        "path": "",
        "id": "d41d8cd98f00b204e9800998ecf8427e"
    },
    "metrics": {
        "http_req_blocked": {
            "avg": 6.110932902469951,
            "min": 0.000183,
            "med": 0.000442,
            "max": 6904.314398,
            "p(90)": 0.000562,
            "p(95)": 0.000609
        },
        "http_reqs": {
            "count": 30001,
            "rate": 993.2886632321173
        },
        "vus_max": {
            "value": 200,
            "min": 200,
            "max": 200
        },
        "http_req_duration{expected_response:true}": {
            "med": 11.06187,
            "max": 4904.554643,
            "p(90)": 11.676801,
            "p(95)": 13.495477,
            "avg": 15.869683045098535,
            "min": 10.419034
        },
        "http_req_sending": {
            "med": 0.076244,
            "max": 8.147461,
            "p(90)": 0.103972,
            "p(95)": 0.125718,
            "avg": 0.08771796780107315,
            "min": 0.03412
        },
        "data_received": {
            "count": 3258053,
            "rate": 107869.30799337987
        },
        "http_req_waiting": {
            "p(90)": 11.457851,
            "p(95)": 13.089347,
            "avg": 15.425712816606108,
            "min": 8.915966,
            "med": 10.912695,
            "max": 4904.331715
        },
        "http_req_tls_handshaking": {
            "avg": 2.2518593355888137,
            "min": 0,
            "med": 0,
            "max": 4821.804261,
            "p(90)": 0,
            "p(95)": 0
        },
        "http_req_receiving": {
            "min": 0.015549,
            "med": 0.053073,
            "max": 444.309544,
            "p(90)": 0.112017,
            "p(95)": 0.174423,
            "avg": 0.35625226069130994
        },
        "checks": {
            "passes": 30001,
            "fails": 0,
            "value": 1
        },
        "data_sent": {
            "count": 32581682,
            "rate": 1078731.2209470996
        },
        "http_req_duration": {
            "avg": 15.869683045098535,
            "min": 10.419034,
            "med": 11.06187,
            "max": 4904.554643,
            "p(90)": 11.676801,
            "p(95)": 13.495477
        },
        "http_req_connecting": {
            "max": 4130.450125,
            "p(90)": 0,
            "p(95)": 0,
            "avg": 3.851822214959502,
            "min": 0,
            "med": 0
        },
        "iterations": {
            "count": 30001,
            "rate": 993.2886632321173
        },
        "http_req_failed": {
            "passes": 0,
            "fails": 30001,
            "value": 0
        },
        "vus": {
            "max": 100,
            "value": 12,
            "min": 8
        },
        "iteration_duration": {
            "min": 10.587104,
            "med": 11.249506,
            "max": 6915.73368,
            "p(90)": 11.92398,
            "p(95)": 14.189525,
            "avg": 22.1765434987168
        }
    }
}