{
    "root_group": {
        "name": "",
        "path": "",
        "id": "d41d8cd98f00b204e9800998ecf8427e",
        "groups": {},
        "checks": {
                "llm 200": {
                    "name": "llm 200",
                    "path": "::llm 200",
                    "id": "b4c64e98ef80c664bb4a20ea1a8da5c3",
                    "passes": 300,
                    "fails": 0
                }
            }
    },
    "metrics": {
        "data_sent": {
            "count": 444900,
            "rate": 14829.29725443241
        },
        "iteration_duration": {
            "med": 36.736808499999995,
            "max": 73.488452,
            "p(90)": 40.4595913,
            "p(95)": 44.06988425000001,
            "avg": 29.902275926666654,
            "min": 11.734025
        },
        "http_req_duration{expected_response:true}": {
            "avg": 11.965990003333326,
            "min": 11.298112,
            "med": 11.71584,
            "max": 47.067918,
            "p(90)": 11.982513,
            "p(95)": 12.091943100000002
        },
        "http_req_tls_handshaking": {
            "avg": 9.37694974333332,
            "min": 0,
            "med": 13.471109,
            "max": 27.152376,
            "p(90)": 14.7808989,
            "p(95)": 15.07323985
        },
        "http_req_sending": {
            "min": 0.107071,
            "med": 0.19306,
            "max": 0.462975,
            "p(90)": 0.23940140000000007,
            "p(95)": 0.26676930000000004,
            "avg": 0.19463544333333344
        },
        "vus": {
            "value": 0,
            "min": 0,
            "max": 1
        },
        "http_req_failed": {
            "passes": 0,
            "fails": 300,
            "value": 0
        },
        "data_received": {
            "rate": 37134.90688056451,
            "count": 1114100
        },
        "checks": {
            "passes": 300,
            "fails": 0,
            "value": 1
        },
        "http_req_receiving": {
            "max": 0.742562,
            "p(90)": 0.10497060000000001,
            "p(95)": 0.11616655000000002,
            "avg": 0.08188033999999997,
            "min": 0.051363,
            "med": 0.072488
        },
        "http_req_blocked": {
            "p(95)": 31.481404350000002,
            "avg": 17.572873096666676,
            "min": 0.000323,
            "med": 24.6432225,
            "max": 42.509778,
            "p(90)": 28.088514500000002
        },
        "http_req_connecting": {
            "avg": 8.009245586666664,
            "min": 0,
            "med": 10.828895,
            "max": 28.757409,
            "p(90)": 13.626489200000002,
            "p(95)": 16.576749250000002
        },
        "http_reqs": {
            "count": 300,
            "rate": 9.99952613245611
        },
        "iterations": {
            "rate": 9.99952613245611,
            "count": 300
        },
        "http_req_duration": {
            "med": 11.71584,
            "max": 47.067918,
            "p(90)": 11.982513,
            "p(95)": 12.091943100000002,
            "avg": 11.965990003333326,
            "min": 11.298112
        },
        "http_req_waiting": {
            "avg": 11.689474220000006,
            "min": 10.886668,
            "med": 11.448921,
            "max": 46.700922,
            "p(90)": 11.7167389,
            "p(95)": 11.7871477
        },
        "vus_max": {
            "value": 200,
            "min": 200,
            "max": 200
        }
    }
}