{
    "root_group": {
        "name": "",
        "path": "",
        "id": "d41d8cd98f00b204e9800998ecf8427e",
        "groups": {},
        "checks": {
                "llm 200": {
                    "name": "llm 200",
                    "path": "::llm 200",
                    "id": "b4c64e98ef80c664bb4a20ea1a8da5c3",
                    "passes": 6001,
                    "fails": 0
                }
            }
    },
    "metrics": {
        "http_req_receiving": {
            "avg": 0.10676130311614701,
            "min": 0.02727,
            "med": 0.058449,
            "max": 228.514656,
            "p(90)": 0.08339,
            "p(95)": 0.106628
        },
        "http_req_tls_handshaking": {
            "p(90)": 0,
            "p(95)": 0,
            "avg": 1.3214210011664718,
            "min": 0,
            "med": 0,
            "max": 726.457553
        },
        "iterations": {
            "count": 6001,
            "rate": 199.94874371763675
        },
        "vus_max": {
            "min": 200,
            "max": 200,
            "value": 200
        },
        "vus": {
            "value": 2,
            "min": 2,
            "max": 20
        },
        "http_req_connecting": {
            "p(95)": 0,
            "avg": 1.256599526412265,
            "min": 0,
            "med": 0,
            "max": 1086.922532,
            "p(90)": 0
        },
        "data_received": {
            "count": 1607919,
            "rate": 53574.634902469385
        },
        "http_req_sending": {
            "med": 0.115236,
            "max": 1.730266,
            "p(90)": 0.151446,
            "p(95)": 0.174027,
            "avg": 0.12339878270288301,
            "min": 0.06632
        },
        "iteration_duration": {
            "max": 1112.968408,
            "p(90)": 12.086577,
            "p(95)": 12.939472,
            "avg": 14.587780677720348,
            "min": 10.704648,
            "med": 11.5581
        },
        "http_req_duration{expected_response:true}": {
            "avg": 11.722853811364756,
            "min": 10.476267,
            "med": 11.290953,
            "max": 261.131462,
            "p(90)": 11.687438,
            "p(95)": 11.963385
        },
        "http_req_blocked": {
            "min": 0.00026,
            "med": 0.000425,
            "max": 1101.547192,
            "p(90)": 0.000754,
            "p(95)": 0.000971,
            "avg": 2.590666866022334
        },
        "http_req_waiting": {
            "max": 260.927664,
            "p(90)": 11.478554,
            "p(95)": 11.742921,
            "avg": 11.492693725545768,
            "min": 9.771358,
            "med": 11.104191
        },
        "http_req_duration": {
            "avg": 11.722853811364756,
            "min": 10.476267,
            "med": 11.290953,
            "max": 261.131462,
            "p(90)": 11.687438,
            "p(95)": 11.963385
        },
        "http_req_failed": {
            "passes": 0,
            "fails": 6001,
            "value": 0
        },
        "http_reqs": {
            "count": 6001,
            "rate": 199.94874371763675
        },
        "data_sent": {
            "count": 6613682,
            "rate": 220362.84073453545
        },
        "checks": {
            "passes": 6001,
            "fails": 0,
            "value": 1
        }
    }
}