{
    "root_group": {
        "checks": {
            "llm 200": {
                "name": "llm 200",
                "path": "::llm 200",
                "id": "b4c64e98ef80c664bb4a20ea1a8da5c3",
                "passes": 21001,
                "fails": 0
            }
        },
        "name": "",
        "path": "",
        "id": "d41d8cd98f00b204e9800998ecf8427e",
        "groups": {}
    },
    "metrics": {
        "http_req_failed": {
            "passes": 0,
            "fails": 21001,
            "value": 0
        },
        "data_sent": {
            "count": 22843682,
            "rate": 761137.4537166608
        },
        "iteration_duration": {
            "avg": 18.35101537664862,
            "min": 10.673356,
            "med": 11.265174,
            "max": 7772.637486,
            "p(90)": 11.715947,
            "p(95)": 12.291477
        },
        "vus": {
            "value": 10,
            "min": 7,
            "max": 73
        },
        "vus_max": {
            "value": 200,
            "min": 200,
            "max": 200
        },
        "http_req_receiving": {
            "avg": 0.16531694052664156,
            "min": 0.01625,
            "med": 0.053974,
            "max": 234.125623,
            "p(90)": 0.111832,
            "p(95)": 0.1614
        },
        "http_req_connecting": {
            "p(95)": 0,
            "avg": 3.3269292190848048,
            "min": 0,
            "med": 0,
            "max": 3078.86061,
            "p(90)": 0
        },
        "http_reqs": {
            "count": 21001,
            "rate": 699.7404212466097
        },
        "http_req_duration{expected_response:true}": {
            "avg": 12.876511771010842,
            "min": 10.489396,
            "med": 11.060259,
            "max": 1647.222448,
            "p(90)": 11.467969,
            "p(95)": 11.883912
        },
        "data_received": {
            "count": 2646127,
            "rate": 88167.32639645862
        },
        "http_req_blocked": {
            "min": 0.000219,
            "med": 0.000472,
            "max": 7736.337774,
            "p(90)": 0.0006,
            "p(95)": 0.000672,
            "avg": 5.2627614524545905
        },
        "http_req_sending": {
            "p(90)": 0.110484,
            "p(95)": 0.133003,
            "avg": 0.09241143231274737,
            "min": 0.037456,
            "med": 0.083186,
            "max": 4.481122
        },
        "http_req_duration": {
            "avg": 12.876511771010842,
            "min": 10.489396,
            "med": 11.060259,
            "max": 1647.222448,
            "p(90)": 11.467969,
            "p(95)": 11.883912
        },
        "iterations": {
            "count": 21001,
            "rate": 699.7404212466097
        },
        "http_req_tls_handshaking": {
            "p(95)": 0,
            "avg": 1.9261840156183034,
            "min": 0,
            "med": 0,
            "max": 6705.136695,
            "p(90)": 0
        },
        "checks": {
            "passes": 21001,
            "fails": 0,
            "value": 1
        },
        "http_req_waiting": {
            "med": 10.901688,
            "max": 1646.974585,
            "p(90)": 11.273166,
            "p(95)": 11.621825,
            "avg": 12.618783398171551,
            "min": 9.386428
        }
    }
}