{
    "root_group": {
        "path": "",
        "id": "d41d8cd98f00b204e9800998ecf8427e",
        "groups": {},
        "checks": {
                "llm 200": {
                    "passes": 18001,
                    "fails": 0,
                    "name": "llm 200",
                    "path": "::llm 200",
                    "id": "b4c64e98ef80c664bb4a20ea1a8da5c3"
                }
            },
        "name": ""
    },
    "metrics": {
        "http_req_duration{expected_response:true}": {
            "avg": 80.8503522139875,
            "min": 5.769804,
            "med": 118.510329,
            "max": 2514.274727,
            "p(90)": 147.777334,
            "p(95)": 156.435521
        },
        "http_req_connecting": {
            "p(95)": 0,
            "avg": 3.8300400751624912,
            "min": 0,
            "med": 0,
            "max": 3074.814479,
            "p(90)": 0
        },
        "http_req_failed": {
            "passes": 0,
            "fails": 18001,
            "value": 0
        },
        "iterations": {
            "count": 18001,
            "rate": 599.7664181047436
        },
        "http_req_sending": {
            "p(95)": 0.122534,
            "avg": 0.09027897022387638,
            "min": 0.036756,
            "med": 0.082377,
            "max": 10.963155,
            "p(90)": 0.107419
        },
        "iteration_duration": {
            "min": 5.984868,
            "med": 119.38182,
            "max": 6552.939985,
            "p(90)": 148.451211,
            "p(95)": 158.171913,
            "avg": 86.17925289111747
        },
        "vus": {
            "value": 8,
            "min": 5,
            "max": 68
        },
        "http_req_tls_handshaking": {
            "min": 0,
            "med": 0,
            "max": 4485.098266,
            "p(90)": 0,
            "p(95)": 0,
            "avg": 1.2829363785345254
        },
        "vus_max": {
            "value": 200,
            "min": 200,
            "max": 200
        },
        "checks": {
            "passes": 18001,
            "fails": 0,
            "value": 1
        },
        "data_sent": {
            "count": 20292121,
            "rate": 676103.1458206793
        },
        "http_reqs": {
            "count": 18001,
            "rate": 599.7664181047436
        },
        "http_req_receiving": {
            "p(95)": 0.137831,
            "avg": 0.0920345236375754,
            "min": 0.037277,
            "med": 0.07817,
            "max": 5.947435,
            "p(90)": 0.109303
        },
        "http_req_duration": {
            "min": 5.769804,
            "med": 118.510329,
            "max": 2514.274727,
            "p(90)": 147.777334,
            "p(95)": 156.435521,
            "avg": 80.8503522139875
        },
        "http_req_waiting": {
            "avg": 80.66803872012696,
            "min": 5.60107,
            "med": 118.33976,
            "max": 2514.154842,
            "p(90)": 147.604877,
            "p(95)": 156.24857
        },
        "http_req_blocked": {
            "min": 0.000199,
            "med": 0.00045,
            "max": 6542.598047,
            "p(90)": 0.000606,
            "p(95)": 0.000672,
            "avg": 5.117858593300369
        },
        "data_received": {
            "count": 4952655,
            "rate": 165015.0630219737
        }
    }
}