{
    "root_group": {
        "name": "",
        "path": "",
        "id": "d41d8cd98f00b204e9800998ecf8427e",
        "groups": {},
        "checks": {
                "llm 200": {
                    "fails": 0,
                    "name": "llm 200",
                    "path": "::llm 200",
                    "id": "b4c64e98ef80c664bb4a20ea1a8da5c3",
                    "passes": 301
                }
            }
    },
    "metrics": {
        "http_req_duration": {
            "avg": 10.333980089700997,
            "min": 7.936092,
            "med": 10.051179,
            "max": 21.818533,
            "p(90)": 11.743696,
            "p(95)": 13.026945
        },
        "iterations": {
            "count": 301,
            "rate": 10.029573203212284
        },
        "http_req_connecting": {
            "avg": 0.5602320199335543,
            "min": 0,
            "med": 0.719667,
            "max": 2.050098,
            "p(90)": 0.991925,
            "p(95)": 1.179526
        },
        "http_reqs": {
            "count": 301,
            "rate": 10.029573203212284
        },
        "data_sent": {
            "count": 450421,
            "rate": 15008.406617156412
        },
        "http_req_failed": {
            "passes": 0,
            "fails": 301,
            "value": 0
        },
        "http_req_blocked": {
            "avg": 4.555400182724257,
            "min": 0.000338,
            "med": 5.630171,
            "max": 19.940423,
            "p(90)": 7.929293,
            "p(95)": 8.418662
        },
        "http_req_duration{expected_response:true}": {
            "p(95)": 13.026945,
            "avg": 10.333980089700997,
            "min": 7.936092,
            "med": 10.051179,
            "max": 21.818533,
            "p(90)": 11.743696
        },
        "checks": {
            "passes": 301,
            "fails": 0,
            "value": 1
        },
        "http_req_waiting": {
            "p(90)": 11.489335,
            "p(95)": 12.707455,
            "avg": 10.020262883720926,
            "min": 7.671092,
            "med": 9.730665,
            "max": 21.630436
        },
        "vus": {
            "value": 0,
            "min": 0,
            "max": 0
        },
        "http_req_receiving": {
            "p(90)": 0.145218,
            "p(95)": 0.162917,
            "avg": 0.12300634883720929,
            "min": 0.083405,
            "med": 0.118039,
            "max": 0.37945
        },
        "vus_max": {
            "min": 200,
            "max": 200,
            "value": 200
        },
        "http_req_sending": {
            "max": 0.718813,
            "p(90)": 0.229583,
            "p(95)": 0.25917,
            "avg": 0.190710857142857,
            "min": 0.094916,
            "med": 0.181965
        },
        "iteration_duration": {
            "p(95)": 20.933843,
            "avg": 15.267823677740857,
            "min": 8.906523,
            "med": 16.15535,
            "max": 29.32555,
            "p(90)": 19.364411
        },
        "data_received": {
            "count": 1442695,
            "rate": 48071.81100467889
        },
        "http_req_tls_handshaking": {
            "avg": 3.845473259136214,
            "min": 0,
            "med": 4.637885,
            "max": 18.893284,
            "p(90)": 6.78848,
            "p(95)": 7.405698
        }
    }
}