{
    "metrics": {
        "iterations": {
            "count": 6001,
            "rate": 199.96152979414182
        },
        "http_req_connecting": {
            "p(90)": 0,
            "p(95)": 0,
            "avg": 2.5126395967338775,
            "min": 0,
            "med": 0,
            "max": 1063.106512
        },
        "iteration_duration": {
            "avg": 13.827756078153614,
            "min": 6.671325,
            "med": 9.284139,
            "max": 1475.130796,
            "p(90)": 12.181304,
            "p(95)": 15.784335
        },
        "http_req_duration{expected_response:true}": {
            "p(90)": 11.272575,
            "p(95)": 13.027705,
            "avg": 10.189950595567405,
            "min": 6.409077,
            "med": 8.991448,
            "max": 424.84388
        },
        "http_req_sending": {
            "avg": 0.11084735527412064,
            "min": 0.057093,
            "med": 0.103528,
            "max": 3.235808,
            "p(90)": 0.136887,
            "p(95)": 0.164219
        },
        "http_req_receiving": {
            "p(95)": 0.159885,
            "avg": 0.11325005465755687,
            "min": 0.046496,
            "med": 0.100318,
            "max": 2.877103,
            "p(90)": 0.134719
        },
        "http_req_failed": {
            "passes": 0,
            "fails": 6001,
            "value": 0
        },
        "http_req_blocked": {
            "p(95)": 0.000979,
            "avg": 3.3591232221296443,
            "min": 0.000277,
            "med": 0.000474,
            "max": 1462.336785,
            "p(90)": 0.000773
        },
        "http_req_tls_handshaking": {
            "med": 0,
            "max": 819.618657,
            "p(90)": 0,
            "p(95)": 0,
            "avg": 0.8381752231294785,
            "min": 0
        },
        "http_reqs": {
            "rate": 199.96152979414182,
            "count": 6001
        },
        "data_received": {
            "count": 2571067,
            "rate": 85671.46984223211
        },
        "vus_max": {
            "value": 200,
            "min": 200,
            "max": 200
        },
        "checks": {
            "passes": 6001,
            "fails": 0,
            "value": 1
        },
        "http_req_duration": {
            "min": 6.409077,
            "med": 8.991448,
            "max": 424.84388,
            "p(90)": 11.272575,
            "p(95)": 13.027705,
            "avg": 10.189950595567405
        },
        "http_req_waiting": {
            "min": 6.221092,
            "med": 8.765188,
            "max": 424.568934,
            "p(90)": 11.041697,
            "p(95)": 12.782,
            "avg": 9.965853185635725
        },
        "data_sent": {
            "count": 6840121,
            "rate": 227922.18949125733
        },
        "vus": {
            "max": 23,
            "value": 3,
            "min": 2
        }
    },
    "root_group": {
        "checks": {
            "llm 200": {
                "passes": 6001,
                "fails": 0,
                "name": "llm 200",
                "path": "::llm 200",
                "id": "b4c64e98ef80c664bb4a20ea1a8da5c3"
            }
        },
        "name": "",
        "path": "",
        "id": "d41d8cd98f00b204e9800998ecf8427e",
        "groups": {}
    }
}