{
    "metrics": {
        "http_req_connecting": {
            "avg": 2.6854527283333343,
            "min": 0,
            "med": 0,
            "max": 1320.149059,
            "p(90)": 0,
            "p(95)": 0
        },
        "http_req_tls_handshaking": {
            "avg": 0.7836580495555556,
            "min": 0,
            "med": 0,
            "max": 1125.241086,
            "p(90)": 0,
            "p(95)": 0
        },
        "http_req_receiving": {
            "max": 4.582623,
            "p(90)": 0.11702829999999999,
            "p(95)": 0.1402373,
            "avg": 0.09989675166666681,
            "min": 0.035488,
            "med": 0.08668100000000001
        },
        "http_req_duration": {
            "avg": 10.435759641555553,
            "min": 6.151463,
            "med": 8.6434245,
            "max": 915.513684,
            "p(90)": 10.8703192,
            "p(95)": 12.343144749999993
        },
        "iterations": {
            "count": 9000,
            "rate": 299.93050530210684
        },
        "vus_max": {
            "value": 200,
            "min": 200,
            "max": 200
        },
        "http_reqs": {
            "count": 9000,
            "rate": 299.93050530210684
        },
        "http_req_waiting": {
            "p(90)": 10.643026400000002,
            "p(95)": 12.099110799999998,
            "avg": 10.232627365444424,
            "min": 5.808018,
            "med": 8.4448385,
            "max": 915.335931
        },
        "checks": {
            "passes": 9000,
            "fails": 0,
            "value": 1
        },
        "iteration_duration": {
            "min": 6.403502,
            "med": 8.896859,
            "max": 1333.551583,
            "p(90)": 11.3840178,
            "p(95)": 13.696738049999986,
            "avg": 14.158149556333308
        },
        "http_req_failed": {
            "passes": 0,
            "fails": 9000,
            "value": 0
        },
        "data_sent": {
            "rate": 339987.8905657882,
            "count": 10202000
        },
        "vus": {
            "value": 3,
            "min": 2,
            "max": 33
        },
        "http_req_sending": {
            "avg": 0.10323552444444446,
            "min": 0.044407,
            "med": 0.0948055,
            "max": 3.319045,
            "p(90)": 0.12279620000000001,
            "p(95)": 0.14224479999999998
        },
        "data_received": {
            "count": 3164741,
            "rate": 105466.92969781054
        },
        "http_req_duration{expected_response:true}": {
            "min": 6.151463,
            "med": 8.6434245,
            "max": 915.513684,
            "p(90)": 10.8703192,
            "p(95)": 12.343144749999993,
            "avg": 10.435759641555553
        },
        "http_req_blocked": {
            "max": 1324.688422,
            "p(90)": 0.000688,
            "p(95)": 0.000848,
            "avg": 3.4773102296666414,
            "min": 0.000268,
            "med": 0.000434
        }
    },
    "root_group": {
        "id": "d41d8cd98f00b204e9800998ecf8427e",
        "groups": {},
        "checks": {
                "llm 200": {
                    "name": "llm 200",
                    "path": "::llm 200",
                    "id": "b4c64e98ef80c664bb4a20ea1a8da5c3",
                    "passes": 9000,
                    "fails": 0
                }
            },
        "name": "",
        "path": ""
    }
}