{
    "root_group": {
        "groups": {},
        "checks": {
                "llm 200": {
                    "passes": 1501,
                    "fails": 0,
                    "name": "llm 200",
                    "path": "::llm 200",
                    "id": "b4c64e98ef80c664bb4a20ea1a8da5c3"
                }
            },
        "name": "",
        "path": "",
        "id": "d41d8cd98f00b204e9800998ecf8427e"
    },
    "metrics": {
        "http_req_failed": {
            "passes": 0,
            "fails": 1501,
            "value": 0
        },
        "iteration_duration": {
            "avg": 11.337614303797457,
            "min": 8.007065,
            "med": 10.199163,
            "max": 35.803972,
            "p(90)": 16.233772,
            "p(95)": 17.991624
        },
        "http_req_waiting": {
            "avg": 9.750408566289135,
            "min": 7.39099,
            "med": 9.390004,
            "max": 30.763327,
            "p(90)": 11.198109,
            "p(95)": 12.169174
        },
        "http_reqs": {
            "count": 1501,
            "rate": 50.01216958683908
        },
        "http_req_duration{expected_response:true}": {
            "med": 9.686872,
            "max": 30.980721,
            "p(90)": 11.512845,
            "p(95)": 12.520771,
            "avg": 10.043155006662221,
            "min": 7.659987
        },
        "http_req_blocked": {
            "avg": 0.9500296435709507,
            "min": 0.000283,
            "med": 0.000513,
            "max": 24.508716,
            "p(90)": 5.677212,
            "p(95)": 7.020934
        },
        "iterations": {
            "count": 1501,
            "rate": 50.01216958683908
        },
        "vus_max": {
            "min": 200,
            "max": 200,
            "value": 200
        },
        "http_req_tls_handshaking": {
            "p(95)": 6.084152,
            "avg": 0.8001638720852767,
            "min": 0,
            "med": 0,
            "max": 17.581425,
            "p(90)": 4.673219
        },
        "http_req_sending": {
            "max": 0.812781,
            "p(90)": 0.201294,
            "p(95)": 0.23953,
            "avg": 0.16115277281812132,
            "min": 0.083806,
            "med": 0.150956
        },
        "checks": {
            "passes": 1501,
            "fails": 0,
            "value": 1
        },
        "http_req_connecting": {
            "p(90)": 0.652079,
            "p(95)": 0.76734,
            "avg": 0.12013601998667556,
            "min": 0,
            "med": 0,
            "max": 9.973609
        },
        "data_sent": {
            "rate": 59828.715500126295,
            "count": 1795621
        },
        "vus": {
            "min": 1,
            "max": 1,
            "value": 1
        },
        "http_req_receiving": {
            "p(95)": 0.179422,
            "avg": 0.13159366755496352,
            "min": 0.074252,
            "med": 0.122978,
            "max": 1.157936,
            "p(90)": 0.155214
        },
        "data_received": {
            "count": 1680324,
            "rate": 55987.107827338965
        },
        "http_req_duration": {
            "min": 7.659987,
            "med": 9.686872,
            "max": 30.980721,
            "p(90)": 11.512845,
            "p(95)": 12.520771,
            "avg": 10.043155006662221
        }
    }
}