{
    "root_group": {
        "name": "",
        "path": "",
        "id": "d41d8cd98f00b204e9800998ecf8427e",
        "groups": {},
        "checks": {
                "llm 200": {
                    "name": "llm 200",
                    "path": "::llm 200",
                    "id": "b4c64e98ef80c664bb4a20ea1a8da5c3",
                    "passes": 29953,
                    "fails": 0
                }
            }
    },
    "metrics": {
        "iterations": {
            "count": 29953,
            "rate": 989.5941389514454
        },
        "http_req_duration": {
            "min": 5.884145,
            "med": 9.432904,
            "max": 13257.35121,
            "p(90)": 41.6743707999999,
            "p(95)": 218.2442244,
            "avg": 36.840178060427974
        },
        "http_req_connecting": {
            "avg": 6.8557668388475275,
            "min": 0,
            "med": 0,
            "max": 7169.954518,
            "p(90)": 0,
            "p(95)": 0
        },
        "checks": {
            "passes": 29953,
            "fails": 0,
            "value": 1
        },
        "http_req_sending": {
            "avg": 0.08693606233098523,
            "min": 0.028995,
            "med": 0.07769,
            "max": 4.227729,
            "p(90)": 0.1084436,
            "p(95)": 0.1293903999999999
        },
        "http_req_waiting": {
            "min": 5.727892,
            "med": 9.259745,
            "max": 13257.230647,
            "p(90)": 41.50304819999991,
            "p(95)": 218.07296540000002,
            "avg": 36.66339066767918
        },
        "dropped_iterations": {
            "count": 48,
            "rate": 1.5858350973080952
        },
        "http_req_duration{expected_response:true}": {
            "p(95)": 218.2442244,
            "avg": 36.840178060427974,
            "min": 5.884145,
            "med": 9.432904,
            "max": 13257.35121,
            "p(90)": 41.6743707999999
        },
        "vus": {
            "value": 27,
            "min": 18,
            "max": 169
        },
        "http_req_failed": {
            "passes": 0,
            "fails": 29953,
            "value": 0
        },
        "data_sent": {
            "rate": 1113497.681703848,
            "count": 33703308
        },
        "http_req_tls_handshaking": {
            "med": 0,
            "max": 10988.788032,
            "p(90)": 0,
            "p(95)": 0,
            "avg": 2.8032375417487394,
            "min": 0
        },
        "vus_max": {
            "max": 223,
            "value": 223,
            "min": 223
        },
        "data_received": {
            "count": 7486609,
            "rate": 247344.31900047214
        },
        "iteration_duration": {
            "avg": 46.70987922138028,
            "min": 6.093107,
            "med": 9.637325,
            "max": 13257.524643,
            "p(90)": 47.12608619999996,
            "p(95)": 219.33981719999997
        },
        "http_reqs": {
            "count": 29953,
            "rate": 989.5941389514454
        },
        "http_req_receiving": {
            "p(90)": 0.1106262,
            "p(95)": 0.14700519999999986,
            "avg": 0.08985133041765468,
            "min": 0.027863,
            "med": 0.074185,
            "max": 13.874497
        },
        "http_req_blocked": {
            "min": 0.000198,
            "med": 0.000449,
            "max": 11293.791159,
            "p(90)": 0.00057,
            "p(95)": 0.000627,
            "avg": 9.67051095666521
        }
    }
}