{
    "metrics": {
        "http_req_failed": {
            "passes": 0,
            "fails": 12001,
            "value": 0
        },
        "http_req_tls_handshaking": {
            "avg": 1.6463105877843516,
            "min": 0,
            "med": 0,
            "max": 1779.794814,
            "p(90)": 0,
            "p(95)": 0
        },
        "checks": {
            "passes": 12001,
            "fails": 0,
            "value": 1
        },
        "iteration_duration": {
            "avg": 16.435464999666664,
            "min": 5.986221,
            "med": 8.771972,
            "max": 2363.017131,
            "p(90)": 11.617405,
            "p(95)": 14.293118
        },
        "vus": {
            "value": 5,
            "min": 3,
            "max": 46
        },
        "http_req_duration{expected_response:true}": {
            "min": 5.820092,
            "med": 8.537512,
            "max": 897.651951,
            "p(90)": 11.213395,
            "p(95)": 13.226457,
            "avg": 11.75990399358382
        },
        "http_req_sending": {
            "p(90)": 0.117755,
            "p(95)": 0.134222,
            "avg": 0.09686671502374773,
            "min": 0.039288,
            "med": 0.089827,
            "max": 3.913947
        },
        "http_req_receiving": {
            "min": 0.041121,
            "med": 0.08289,
            "max": 13.143739,
            "p(90)": 0.11359,
            "p(95)": 0.138354,
            "avg": 0.09740276160320012
        },
        "http_reqs": {
            "count": 12001,
            "rate": 399.91717806882247
        },
        "http_req_duration": {
            "avg": 11.75990399358382,
            "min": 5.820092,
            "med": 8.537512,
            "max": 897.651951,
            "p(90)": 11.213395,
            "p(95)": 13.226457
        },
        "http_req_connecting": {
            "med": 0,
            "max": 2348.525967,
            "p(90)": 0,
            "p(95)": 0,
            "avg": 2.7948127735188733,
            "min": 0
        },
        "data_received": {
            "count": 3764470,
            "rate": 125445.89778557954
        },
        "http_req_blocked": {
            "med": 0.000462,
            "max": 2353.869461,
            "p(90)": 0.000666,
            "p(95)": 0.000793,
            "avg": 4.446164282309862,
            "min": 0.000246
        },
        "iterations": {
            "count": 12001,
            "rate": 399.91717806882247
        },
        "http_req_waiting": {
            "avg": 11.565634516956889,
            "min": 5.339565,
            "med": 8.355102,
            "max": 897.461459,
            "p(90)": 10.990985,
            "p(95)": 13.004589
        },
        "vus_max": {
            "value": 200,
            "min": 200,
            "max": 200
        },
        "data_sent": {
            "count": 13566121,
            "rate": 452072.7295775512
        }
    },
    "root_group": {
        "name": "",
        "path": "",
        "id": "d41d8cd98f00b204e9800998ecf8427e",
        "groups": {},
        "checks": {
                "llm 200": {
                    "name": "llm 200",
                    "path": "::llm 200",
                    "id": "b4c64e98ef80c664bb4a20ea1a8da5c3",
                    "passes": 12001,
                    "fails": 0
                }
            }
    }
}