{
    "root_group": {
        "groups": {},
        "checks": {
                "llm 200": {
                    "id": "b4c64e98ef80c664bb4a20ea1a8da5c3",
                    "passes": 3001,
                    "fails": 0,
                    "name": "llm 200",
                    "path": "::llm 200"
                }
            },
        "name": "",
        "path": "",
        "id": "d41d8cd98f00b204e9800998ecf8427e"
    },
    "metrics": {
        "http_req_duration": {
            "avg": 10.293232991003016,
            "min": 7.292199,
            "med": 9.531201,
            "max": 223.670587,
            "p(90)": 11.48942,
            "p(95)": 12.816975
        },
        "data_received": {
            "count": 1977281,
            "rate": 65886.69359052135
        },
        "iteration_duration": {
            "max": 229.956823,
            "p(90)": 13.302556,
            "p(95)": 17.066742,
            "avg": 11.197436180606477,
            "min": 7.57687,
            "med": 9.862729
        },
        "http_req_duration{expected_response:true}": {
            "avg": 10.293232991003016,
            "min": 7.292199,
            "med": 9.531201,
            "max": 223.670587,
            "p(90)": 11.48942,
            "p(95)": 12.816975
        },
        "data_sent": {
            "count": 3477121,
            "rate": 115864.16189917728
        },
        "vus": {
            "value": 1,
            "min": 0,
            "max": 3
        },
        "http_req_tls_handshaking": {
            "avg": 0.5215604985004999,
            "min": 0,
            "med": 0,
            "max": 209.582585,
            "p(90)": 0,
            "p(95)": 4.574974
        },
        "http_req_waiting": {
            "max": 223.354475,
            "p(90)": 11.205122,
            "p(95)": 12.54068,
            "avg": 10.036495128957016,
            "min": 7.030417,
            "med": 9.273058
        },
        "http_req_connecting": {
            "avg": 0.05332630189936687,
            "min": 0,
            "med": 0,
            "max": 6.022773,
            "p(90)": 0,
            "p(95)": 0.601037
        },
        "vus_max": {
            "max": 200,
            "value": 200,
            "min": 200
        },
        "http_reqs": {
            "count": 3001,
            "rate": 99.99892148114232
        },
        "http_req_failed": {
            "fails": 3001,
            "passes": 0,
            "value": 0
        },
        "checks": {
            "passes": 3001,
            "fails": 0,
            "value": 1
        },
        "http_req_sending": {
            "min": 0.056513,
            "med": 0.115967,
            "max": 2.241732,
            "p(90)": 0.169493,
            "p(95)": 0.197543,
            "avg": 0.1261307734088636
        },
        "http_req_receiving": {
            "max": 3.166325,
            "p(90)": 0.157713,
            "p(95)": 0.188586,
            "avg": 0.1306070886371207,
            "min": 0.050874,
            "med": 0.117314
        },
        "http_req_blocked": {
            "avg": 0.5914106917694103,
            "min": 0.00029,
            "med": 0.000608,
            "max": 210.67688,
            "p(90)": 0.00095,
            "p(95)": 5.475866
        },
        "iterations": {
            "rate": 99.99892148114232,
            "count": 3001
        }
    }
}