{
    "root_group": {
        "id": "d41d8cd98f00b204e9800998ecf8427e",
        "groups": {},
        "checks": {
                "llm 200": {
                    "fails": 0,
                    "name": "llm 200",
                    "path": "::llm 200",
                    "id": "b4c64e98ef80c664bb4a20ea1a8da5c3",
                    "passes": 21000
                }
            },
        "name": "",
        "path": ""
    },
    "metrics": {
        "data_received": {
            "count": 5551445,
            "rate": 183845.86958819293
        },
        "http_reqs": {
            "rate": 695.4519519426117,
            "count": 21000
        },
        "iteration_duration": {
            "p(95)": 16.0126886,
            "avg": 21.123498109904787,
            "min": 5.889198,
            "med": 9.0022605,
            "max": 5136.571495,
            "p(90)": 12.152030900000007
        },
        "data_sent": {
            "count": 23654000,
            "rate": 783343.8319643113
        },
        "vus": {
            "value": 7,
            "min": 6,
            "max": 92
        },
        "http_req_failed": {
            "passes": 0,
            "fails": 21000,
            "value": 0
        },
        "vus_max": {
            "value": 200,
            "min": 200,
            "max": 200
        },
        "http_req_blocked": {
            "p(90)": 0.000583,
            "p(95)": 0.0006430499999999993,
            "avg": 4.998344349381006,
            "min": 0.000212,
            "med": 0.000445,
            "max": 3299.631882
        },
        "iterations": {
            "count": 21000,
            "rate": 695.4519519426117
        },
        "http_req_waiting": {
            "p(95)": 14.807169299999998,
            "avg": 15.733373751571508,
            "min": 5.529883,
            "med": 8.6155305,
            "max": 5136.146185,
            "p(90)": 11.621224600000007
        },
        "http_req_receiving": {
            "min": 0.034151,
            "med": 0.0775325,
            "max": 21.136333,
            "p(90)": 0.11141340000000002,
            "p(95)": 0.14419479999999993,
            "avg": 0.09492246471428555
        },
        "http_req_sending": {
            "min": 0.031891,
            "med": 0.080407,
            "max": 4.682731,
            "p(90)": 0.10533650000000001,
            "p(95)": 0.12012214999999996,
            "avg": 0.08865926438095278
        },
        "http_req_duration": {
            "avg": 15.91695548066664,
            "min": 5.69088,
            "med": 8.7934205,
            "max": 5136.359262,
            "p(90)": 11.823348000000001,
            "p(95)": 14.986746049999997
        },
        "http_req_connecting": {
            "p(90)": 0,
            "p(95)": 0,
            "avg": 3.416353962190476,
            "min": 0,
            "med": 0,
            "max": 3089.429582
        },
        "http_req_duration{expected_response:true}": {
            "p(90)": 11.823348000000001,
            "p(95)": 14.986746049999997,
            "avg": 15.91695548066664,
            "min": 5.69088,
            "med": 8.7934205,
            "max": 5136.359262
        },
        "http_req_tls_handshaking": {
            "avg": 1.5778045230952393,
            "min": 0,
            "med": 0,
            "max": 2019.641327,
            "p(90)": 0,
            "p(95)": 0
        },
        "checks": {
            "passes": 21000,
            "fails": 0,
            "value": 1
        }
    }
}