{
    "root_group": {
        "name": "",
        "path": "",
        "id": "d41d8cd98f00b204e9800998ecf8427e",
        "groups": {},
        "checks": {
                "llm 200": {
                    "path": "::llm 200",
                    "id": "b4c64e98ef80c664bb4a20ea1a8da5c3",
                    "passes": 14942,
                    "fails": 2,
                    "name": "llm 200"
                }
            }
    },
    "metrics": {
        "http_req_tls_handshaking": {
            "p(95)": 0,
            "avg": 1.9140331090738758,
            "min": 0,
            "med": 0,
            "max": 4421.359616,
            "p(90)": 0
        },
        "http_req_connecting": {
            "avg": 3.5259976699009643,
            "min": 0,
            "med": 0,
            "max": 4116.835018,
            "p(90)": 0,
            "p(95)": 0
        },
        "vus": {
            "value": 52,
            "min": 4,
            "max": 221
        },
        "http_req_duration{expected_response:true}": {
            "med": 16.7901495,
            "max": 4224.184698,
            "p(90)": 140.84518179999998,
            "p(95)": 157.58877654999998,
            "avg": 86.57792806404775,
            "min": 5.730714
        },
        "http_req_sending": {
            "avg": 0.09222581249999955,
            "min": 0,
            "med": 0.08489,
            "max": 3.622698,
            "p(90)": 0.1112839,
            "p(95)": 0.12960734999999993
        },
        "http_req_waiting": {
            "avg": 86.37714030540711,
            "min": 0,
            "med": 16.459484,
            "max": 4223.935087,
            "p(90)": 140.64321630000003,
            "p(95)": 157.41311014999997
        },
        "data_received": {
            "count": 4706583,
            "rate": 156222.72861547102
        },
        "iteration_duration": {
            "p(95)": 163.9656059999996,
            "avg": 92.30514134348235,
            "min": 0.863749,
            "med": 23.406231,
            "max": 6470.111507,
            "p(90)": 142.1241167
        },
        "http_req_failed": {
            "passes": 2,
            "fails": 14942,
            "value": 0.00013383297644539615
        },
        "dropped_iterations": {
            "count": 57,
            "rate": 1.8919661102506526
        },
        "http_req_blocked": {
            "min": 0,
            "med": 0.000462,
            "max": 6462.485847,
            "p(90)": 0.000627,
            "p(95)": 0.0007268499999999985,
            "avg": 5.4463402108538475
        },
        "http_reqs": {
            "count": 14944,
            "rate": 496.0270447646624
        },
        "vus_max": {
            "value": 252,
            "min": 200,
            "max": 252
        },
        "http_req_receiving": {
            "p(90)": 0.11172720000000001,
            "p(95)": 0.13840854999999994,
            "avg": 0.0969749643335117,
            "min": 0,
            "med": 0.081012,
            "max": 8.864414
        },
        "checks": {
            "passes": 14942,
            "fails": 2,
            "value": 0.9998661670235546
        },
        "http_req_duration": {
            "med": 16.7647785,
            "max": 4224.184698,
            "p(90)": 140.84389339999998,
            "p(95)": 157.58658364999997,
            "avg": 86.56634108224047,
            "min": 0
        },
        "data_sent": {
            "count": 16892362,
            "rate": 560697.8320365953
        },
        "iterations": {
            "count": 14944,
            "rate": 496.0270447646624
        }
    }
}