{
    "metrics": {
        "http_req_failed": {
            "passes": 0,
            "fails": 24001,
            "value": 0
        },
        "checks": {
            "passes": 24001,
            "fails": 0,
            "value": 1
        },
        "data_received": {
            "count": 6145554,
            "rate": 203416.42515278666
        },
        "vus": {
            "value": 17,
            "min": 9,
            "max": 116
        },
        "http_req_duration{expected_response:true}": {
            "avg": 21.80308914516067,
            "min": 5.654557,
            "med": 8.813367,
            "max": 6251.521388,
            "p(90)": 14.750129,
            "p(95)": 41.410576
        },
        "http_req_sending": {
            "avg": 0.08236371884504828,
            "min": 0.032101,
            "med": 0.075868,
            "max": 2.961872,
            "p(90)": 0.099111,
            "p(95)": 0.113195
        },
        "http_req_blocked": {
            "avg": 5.073989745885524,
            "min": 0.000212,
            "med": 0.000434,
            "max": 4132.641717,
            "p(90)": 0.000556,
            "p(95)": 0.000594
        },
        "iterations": {
            "count": 24001,
            "rate": 794.4275845744799
        },
        "http_reqs": {
            "count": 24001,
            "rate": 794.4275845744799
        },
        "iteration_duration": {
            "p(95)": 54.074307,
            "avg": 27.068707820132307,
            "min": 5.865431,
            "med": 9.004953,
            "max": 6575.483521,
            "p(90)": 15.41439
        },
        "http_req_tls_handshaking": {
            "avg": 1.6665453451106207,
            "min": 0,
            "med": 0,
            "max": 2308.159841,
            "p(90)": 0,
            "p(95)": 0
        },
        "data_sent": {
            "rate": 894293.596340612,
            "count": 27018121
        },
        "http_req_waiting": {
            "avg": 21.63584198137575,
            "min": 5.519496,
            "med": 8.647686,
            "max": 6251.337733,
            "p(90)": 14.575573,
            "p(95)": 41.184716
        },
        "vus_max": {
            "value": 200,
            "min": 200,
            "max": 200
        },
        "http_req_duration": {
            "avg": 21.80308914516067,
            "min": 5.654557,
            "med": 8.813367,
            "max": 6251.521388,
            "p(90)": 14.750129,
            "p(95)": 41.410576
        },
        "http_req_receiving": {
            "p(95)": 0.127996,
            "avg": 0.08488344493979368,
            "min": 0.032415,
            "med": 0.071658,
            "max": 9.857849,
            "p(90)": 0.101223
        },
        "http_req_connecting": {
            "med": 0,
            "max": 4122.859242,
            "p(90)": 0,
            "p(95)": 0,
            "avg": 3.4047547502604076,
            "min": 0
        }
    },
    "root_group": {
        "path": "",
        "id": "d41d8cd98f00b204e9800998ecf8427e",
        "groups": {},
        "checks": {
                "llm 200": {
                    "name": "llm 200",
                    "path": "::llm 200",
                    "id": "b4c64e98ef80c664bb4a20ea1a8da5c3",
                    "passes": 24001,
                    "fails": 0
                }
            },
        "name": ""
    }
}