{
    "metrics": {
        "http_req_failed": {
            "passes": 0,
            "fails": 30,
            "value": 0
        },
        "http_req_duration": {
            "p(90)": 12.5504125,
            "p(95)": 13.269575249999997,
            "avg": 10.564443333333333,
            "min": 8.386659,
            "med": 10.531352,
            "max": 14.808842
        },
        "vus_max": {
            "value": 200,
            "min": 200,
            "max": 200
        },
        "http_req_duration{expected_response:true}": {
            "med": 10.531352,
            "max": 14.808842,
            "p(90)": 12.5504125,
            "p(95)": 13.269575249999997,
            "avg": 10.564443333333333,
            "min": 8.386659
        },
        "http_req_connecting": {
            "max": 1.762839,
            "p(90)": 1.0411863000000001,
            "p(95)": 1.2101139499999998,
            "avg": 0.8701378000000001,
            "min": 0.545533,
            "med": 0.8142395
        },
        "data_sent": {
            "count": 50580,
            "rate": 1685.9462900222638
        },
        "http_req_blocked": {
            "min": 5.173769,
            "med": 5.786020000000001,
            "max": 12.309601,
            "p(90)": 8.733699,
            "p(95)": 9.432229149999998,
            "avg": 6.365209066666667
        },
        "data_received": {
            "count": 213394,
            "rate": 7112.906734144147
        },
        "vus": {
            "min": 0,
            "max": 0,
            "value": 0
        },
        "http_req_tls_handshaking": {
            "p(90)": 6.2430318000000025,
            "p(95)": 7.770273549999999,
            "avg": 5.156921566666667,
            "min": 4.260147,
            "med": 4.6587945,
            "max": 10.242339
        },
        "http_req_sending": {
            "avg": 0.2110269,
            "min": 0.147596,
            "med": 0.1955225,
            "max": 0.360968,
            "p(90)": 0.2918811,
            "p(95)": 0.32860454999999983
        },
        "http_req_receiving": {
            "p(95)": 0.1627426,
            "avg": 0.1240901,
            "min": 0.090537,
            "med": 0.119502,
            "max": 0.200095,
            "p(90)": 0.1430548
        },
        "iteration_duration": {
            "p(95)": 22.921503649999988,
            "avg": 17.291957733333334,
            "min": 14.200306,
            "med": 16.727034500000002,
            "max": 25.242225,
            "p(90)": 20.1501708
        },
        "http_req_waiting": {
            "min": 8.105016,
            "med": 10.16922,
            "max": 14.2889,
            "p(90)": 12.2893777,
            "p(95)": 12.944126749999999,
            "avg": 10.229326333333335
        },
        "checks": {
            "passes": 30,
            "fails": 0,
            "value": 1
        },
        "http_reqs": {
            "count": 30,
            "rate": 0.9999681435481992
        },
        "iterations": {
            "count": 30,
            "rate": 0.9999681435481992
        }
    },
    "root_group": {
        "name": "",
        "path": "",
        "id": "d41d8cd98f00b204e9800998ecf8427e",
        "groups": {},
        "checks": {
                "llm 200": {
                    "path": "::llm 200",
                    "id": "b4c64e98ef80c664bb4a20ea1a8da5c3",
                    "passes": 30,
                    "fails": 0,
                    "name": "llm 200"
                }
            }
    }
}