{
    "root_group": {
        "id": "d41d8cd98f00b204e9800998ecf8427e",
        "groups": {},
        "checks": {
                "llm 200": {
                    "name": "llm 200",
                    "path": "::llm 200",
                    "id": "b4c64e98ef80c664bb4a20ea1a8da5c3",
                    "passes": 26977,
                    "fails": 0
                }
            },
        "name": "",
        "path": ""
    },
    "metrics": {
        "dropped_iterations": {
            "count": 24,
            "rate": 0.7933999968945464
        },
        "http_req_duration": {
            "min": 5.605014,
            "med": 8.690753,
            "max": 11431.68662,
            "p(90)": 16.942487800000002,
            "p(95)": 213.3370388,
            "avg": 29.18816033265396
        },
        "vus": {
            "value": 19,
            "min": 12,
            "max": 160
        },
        "iterations": {
            "count": 26977,
            "rate": 891.8146548426741
        },
        "http_reqs": {
            "rate": 891.8146548426741,
            "count": 26977
        },
        "data_received": {
            "count": 6818592,
            "rate": 225411.2863177158
        },
        "http_req_blocked": {
            "avg": 5.381299094080123,
            "min": 0.00019,
            "med": 0.000437,
            "max": 6481.739363,
            "p(90)": 0.000564,
            "p(95)": 0.000621
        },
        "http_req_tls_handshaking": {
            "avg": 2.282886734774066,
            "min": 0,
            "med": 0,
            "max": 6452.841806,
            "p(90)": 0,
            "p(95)": 0
        },
        "http_req_duration{expected_response:true}": {
            "avg": 29.18816033265396,
            "min": 5.605014,
            "med": 8.690753,
            "max": 11431.68662,
            "p(90)": 16.942487800000002,
            "p(95)": 213.3370388
        },
        "checks": {
            "passes": 26977,
            "fails": 0,
            "value": 1
        },
        "data_sent": {
            "rate": 1003683.9552298057,
            "count": 30360997
        },
        "vus_max": {
            "value": 212,
            "min": 212,
            "max": 212
        },
        "http_req_connecting": {
            "p(95)": 0,
            "avg": 3.085152392853172,
            "min": 0,
            "med": 0,
            "max": 4396.126999,
            "p(90)": 0
        },
        "http_req_receiving": {
            "avg": 0.09249631367461232,
            "min": 0.034002,
            "med": 0.073221,
            "max": 49.717148,
            "p(90)": 0.10793940000000003,
            "p(95)": 0.14514839999999998
        },
        "iteration_duration": {
            "max": 11431.865509,
            "p(90)": 17.793339200000002,
            "p(95)": 214.2174744,
            "avg": 34.765290917151766,
            "min": 5.791266,
            "med": 8.885862
        },
        "http_req_waiting": {
            "p(95)": 213.13147719999998,
            "avg": 29.010815897431232,
            "min": 5.440477,
            "med": 8.520031,
            "max": 11431.550952,
            "p(90)": 16.7729234
        },
        "http_req_failed": {
            "fails": 26977,
            "passes": 0,
            "value": 0
        },
        "http_req_sending": {
            "avg": 0.08484812154798536,
            "min": 0.031297,
            "med": 0.076,
            "max": 3.288192,
            "p(90)": 0.104964,
            "p(95)": 0.12651019999999993
        }
    }
}